Saurbaby,abortion
jennalouise,abortion
Lama,abortion
protazoa,abortion
mj123,abortion
vassilgl,abortion
Srom,abortion
4thHorseman,abortion
infamous84,abortion
Blahhdjthyiu,abortion
mmpritchard,abortion
1WayOnlyGzus,abortion
bciara96,abortion
rmcgrath,abortion
CDEthan,abortion
ChuckHades,abortion
COMTNBiker,abortion
BenWalters,abortion
iamdavidh,abortion
Lucifer,abortion
chatturgha,abortion
13028699,abortion
hannahs98,abortion
johnrey,abortion
imright99,abortion
kamranw,abortion
Trudistian,abortion
Manastacious,abortion
ervinroe,abortion
adiko,abortion
chaseybabe,abortion
Luv2BriMe,abortion
Apollo,abortion
zombee,abortion
EnigmaticMan,abortion
ryuukyuzo,abortion
Leashed,abortion
StephanMay,abortion
DanJS,abortion
MussinItUp,abortion
farru,abortion
Madina,abortion
lemonsclice,abortion
Aeris,abortion
jep93,abortion
Loboh16,abortion
brenna2,abortion
Mahollinder,abortion
salmani,abortion
cstrach11,abortion
LeahBear,abortion
wolverinetre,abortion
Troy8,abortion
GenPaulus,abortion
Nick91983,abortion
str8karma,abortion
LenaHMorris,abortion
TheDude,abortion
PrayerFails,abortion
Akulakhan,abortion
PandaFan,abortion
debateleader,abortion
amber97,abortion
Enlightened1,abortion
srog888,abortion
aveskde,abortion
1life2live,abortion
shaneyam99,abortion
blayke13,abortion
neoheather22,abortion
isashellbell,abortion
supremepizza,abortion
