NVYN,kamranw
bubbas123,Saurbaby
NVYN,nattyc
helloim123,atypican
DaWolfman,iamdavidh
helloim123,iamdavidh
kamranw,Manastacious
Lockjawx27,aveskde
SMCdeBater,DaddySays
GrammarNazi,Moldir
Kiith,ChuckHades
aveskde,Edward23
helloim123,Manastacious
Kiith,iamdavidh
Prevaricate,jstantall
August,Prevaricate
Banshee,jstantall
ruffleddove,iamdavidh
FreeWill,illini527
iamdavidh,illini527
JustIgnoreMe,jstantall
NVYN,August
NVYN,pujolspals
Banshee,Banshee
jessald,Edward78
SMCdeBater,iamdavidh
helloim123,NVYN
lawnman,lawnman
jstantall,Houston
andsoccer16,jstantall
andixrox2325,heckman17
dcovan,NVYN
thWIIsixty,kamranw
iamdavidh,trump
ChanceyPants,jstantall
chapulina,lawnman
NVYN,khaOs
jstantall,Banshee
Banshee,kamranw
jstantall,khaOs
iamdavidh,iamdavidh
nattymoon24,DaddySays
iamdavidh,sushirocks26
jstantall,iamdavidh
Moldir,rafael
NVYN,helloim123
August,kitkat
iamdavidh,SMCdeBater
aveskde,krog96
krog96,iamdavidh
iamdavidh,NVYN
iamdavidh,jstantall
SMCdeBater,NVYN
andixrox2325,JessicaMR
NVYN,asdf789
Edward78,JessicaMR
NVYN,tasialicious
NVYN,Platypus6784
kamranw,Banshee
SMCdeBater,SMCdeBater
khaOs,jstantall
siouxrock,heath10
mayedh01,aveskde
aveskde,Lockjawx27
Edward78,iamdavidh
Ismaila,Hellno
Manastacious,kamranw
heath10,heckman17
aveskde,Edward78
iamdavidh,helloim123
iamdavidh,Edward78
August,lhallgren
August,DaddySays
aveskde,mayedh01
kamranw,iamdavidh
vandebater,illini527
iamdavidh,ruffleddove
SMCdeBater,heath10
Houston,helloim123
Spoonerism,Spoonerism
atypican,NVYN
Houston,jstantall
iamdavidh,Kiith
Ismaila,NVYN
heckman17,Edward23
jstantall,JessicaNymph
Edward23,andixrox2325
Stylz,unlearn
SMCdeBater,Spoonerism
Edward78,heckman17
khaOs,Manastacious
DaWolfman,handsdown
kamranw,andixrox2325
ChuckHades,Kiith
aveskde,siouxrock
jstantall,andsoccer16
GuitaristDog,Iamyoufather
atypican,jstantall
NVYN,alstars
JessicaNymph,jstantall
August,VULGARITIES
SMCdeBater,lawnman
heath10,Edward23
NVYN,SMCdeBater
kamranw,Kuklapolitan
Banshee,lawnman
andixrox2325,Edward78
krog96,aveskde
Edward23,heath10
lawnman,Banshee
NVYN,iamdavidh
dtrimble,iamdavidh
helloim123,DaddySays
Edward23,gcomeau
NVYN,nattymoon24
NVYN,jstantall
SMCdeBater,andixrox2325
raptor22,illini527
Banshee,NVYN
gcomeau,Edward23
kamranw,NVYN
DaddySays,nattymoon24
NVYN,danzi94
Edward23,heckman17
kamranw,Prevaricate
sushirocks26,SMCdeBater
Manastacious,jstantall
helloim123,andsoccer16
jstantall,Prevaricate
iamdavidh,krog96
andsoccer16,NVYN
NVYN,ChanceyPants
DaddySays,nattyc
NVYN,lawnman
NVYN,NVYN
jstantall,Spoonerism
THETRUTH88,JessicaMR
Edward78,andixrox2325
ChanceyPants,kamranw
SMCdeBater,atypican
ReventonRage,Kiith
wolverinetre,illini527
Saurbaby,ruffleddove
NVYN,handsdown
andixrox2325,Edward23
Kiith,ReventonRage
heckman17,Edward78
NVYN,Spoonerism
NVYN,ilovelynx36
anotherguy34,NVYN
Saurbaby,bubbas123
jstantall,Manastacious
jstantall,DaddySays
jstantall,Kuklapolitan
Kiith,Kiith
jstantall,atypican
Spoonerism,jstantall
asdf789,Prevaricate
helloim123,asdf789
