JakeJ,E223
jessald,ClownSoup
JakeJ,HGrey87
Zhuldyz,BenWalters
Prometheus,E223
Inkeddreams,Kuklapolitan
redawn,ClownSoup
ledhead818,nonostrum
jessald,nonostrum
Ratclatters,Republican08
ace1991,jwitter
redawn,lolcats
E223,tallblondguy
doublejumper,jessald
ChadOnSunday,sharpiron
ThePyg,andsoccer16
Bohemian,Republican08
anotherguy34,cj3905
Zahlanzi,Rough63
JakeJ,tatmit
E223,ClownSoup
januscomplex,januscomplex
JakeJ,YummyCookies
jessald,tallblondguy
Kuklapolitan,dcovan
kirstie1126,joecavalry
Facadeon,sharpiron
simoriah,Rough63
Kuklapolitan,ThePyg
andsoccer16,redawn
Lindsayrae,rabbit
Kuklapolitan,JakeJ
joecavalry,andsoccer16
belette,Candygirl
simoriah,doublejumper
EricM,sonotforyou
ThePyg,Kuklapolitan
simoriah,redawn
tatmit,tallblondguy
darthtimon,anotherguy34
JustinWillis,jessald
chg9389,tallblondguy
sharpiron,Kuklapolitan
JakeJ,andsoccer16
dcovan,Kuklapolitan
TheAlleycat,ClownSoup
Probama123,Rough63
jep93,doublejumper
chg9389,kyrious
nattymoon24,DaddySays
ledhead818,cj3905
tatmit,doublejumper
andsoccer16,JustinWillis
ledhead818,asimovman
jessald,asimovman
iamdavidh,andsoccer16
1redshirtxlg,Yakeyglee
xaeon,truthfinder
joecavalry,Inkeddreams
jessald,JefferyHunt
CML55,redawn
sharpiron,Inkeddreams
jwitter,Inkeddreams
YummyCookies,JakeJ
ledhead818,Republican08
belette,Zhuldyz
redawn,jessald
ledhead818,Messenger
simoriah,joecavalry
xaeon,jessald
Cynical,darthtimon
Lindsayrae,Bibi
andsoccer16,ThePyg
Messenger,Shivscape
ChadOnSunday,Zhuldyz
Loudacris,redawn
andsoccer16,joecavalry
ledhead818,Rough63
tatmit,Prometheus
E223,Prometheus
andsoccer16,JakeJ
HGrey87,JakeJ
zombee,Zhuldyz
januscomplex,JustinWillis
EricM,cj3905
jakeisabaest,Kuklapolitan
Kuklapolitan,joecavalry
tatmit,nisar444
xaeon,ThePyg
jessald,Rough63
simoriah,ClownSoup
sharpiron,Facadeon
tallblondguy,andsoccer16
Bunglenomics,LeftyBegone
BenWalters,Zhuldyz
jessald,doublejumper
jessald,xaeon
Bohemian,gdelfman
JakeJ,kirstie1126
januscomplex,JakeJ
Zahlanzi,kmjnhh123
andsoccer16,andsoccer16
sharpiron,Timbo7834
chg9389,Rough63
Idiot,simoriah
andsoccer16,tallblondguy
sharpiron,ChadOnSunday
iamdavidh,tallblondguy
JakeJ,iamdavidh
CML55,tallblondguy
xaeon,simoriah
Idiot,tatmit
ledhead818,tallblondguy
andsoccer16,xaeon
Shivscape,Messenger
Timbo7834,sharpiron
DaddySays,gdelfman
repubgal,andsoccer16
jessald,JakeJ
Inkeddreams,JakeJ
nonostrum,jessald
gdelfman,tatmit
redawn,Loudacris
redawn,truthfinder
Bohemian,Prometheus
nonostrum,ledhead818
JakeJ,JakeJ
DaddySays,nattymoon24
E223,JakeJ
Bradf0rd,HGrey87
jessald,Tugman
tatmit,gdelfman
LeftyBegone,cj3905
jtopolnak,jessald
samhillbhs,ClownSoup
Tugman,jessald
joecavalry,januscomplex
soulena,Republican08
JustinWillis,truthfinder
EricM,ledhead818
nisar444,Bohemian
simoriah,lolcats
ChadOnSunday,ChadOnSunday
redawn,andsoccer16
kirstie1126,JakeJ
DaddySays,Republican08
victor714,Inkeddreams
tallblondguy,iamdavidh
simoriah,Republican08
Abbott,Messenger
Kuklapolitan,kirstie1126
Apollo,nisar444
Yakeyglee,ClownSoup
andsoccer16,Rough63
januscomplex,joecavalry
JakeJ,Inkeddreams
Zhuldyz,zombee
