kelvin90701,enfant terrible
RooK,Leo
dugman_74,foundit66
Draconis,Toxey
Wez,daewoo
Seleare,thedutchdon
Tim,daewoo
wayneinFL,inmyopinion
ps3_assassin,thedutchdon
plotter,mizmaxx
emclean,Adept
Seleare,Symbiote
conofguncontrol,Seleare
Ripskar,Roxdog
treat2,daewoo
Duo_Maxwell,jim's trucking
Bryan,wayneinFL
daewoo,lorevic4
Dan the White,Rev. HellH0und
Bryan,emclean
KenW.,TRIGGER
XeoX,Rev. HellH0und
tarawa12,enfant terrible
pickleweaseler,lorevic4
daewoo,Tastyfish
CvT,wayneinFL
enfant terrible,DHard3006
Wez,georged
wayneinFL,georged
emclean,Ghost Rider
zsu2357,sinjin
inmyopinion,wayneinFL
Patrick Henry,Dan the White
kelvin90701,DHard3006
JustAnotherGuy,Draconis
Toxey,treat2
treat2,Draconis
Obvious Child,CvT
Dr_Sprocket,danjrush04
ironcourage,Brady
epaphras_faith,addictionneg
jyoshu,gamehuis
thedutchdon,jim's trucking
Aivlis,sinjin
Iuris,Ghost Rider
pickleweaseler,Charliegone
epaphras_faith,emclean
addictionneg,epaphras_faith
Adept,Galileo
Ghost Rider,Brady
XeoX,JustAnotherGuy
georged,Bryan
thedutchdon,conservative
thedutchdon,forums1234
kelvin90701,Wez
daewoo,Ghost Rider
JFriday,admin
Bryan,Monster
Tim,Rev. HellH0und
CvT,Obvious Child
Ghost Rider,ironcourage
snowstar,HuddeNYer
thedutchdon,Archeron
enfant terrible,kelvin90701
daewoo,XeoX
Patriot,DHard3006
pickleweaseler,Obvious Child
pickleweaseler,Monster
sinjin,nate895
pickleweaseler,tarawa12
tsmith2771,enfant terrible
Toxey,Rev. HellH0und
Draconis,addictionneg
daewoo,Galileo
XeoX,Dan the White
JediMindTricks,Brady
daewoo,joebrummer
JustAnotherGuy,XeoX
TRIGGER,Charliegone
Galileo,zachvac
greg 79 f150,RooK
thecap0,Bryan
JSDKoeln,Charliegone
Santafeur,Adept
Patrick Henry,Rev. HellH0und
Rev. HellH0und,Dan the White
Iuris,georged
E Mutz,thecap0
Dan the White,Patrick Henry
Charliegone,snakespit
XeoX,daewoo
Rev. HellH0und,Tim
Patriot,admin
Rev. HellH0und,XeoX
Eddie,Captain America banned
Archeron,forums1234
kelvin90701,admin
jim's trucking,forums1234
emclean,Galileo
foundit66,dugman_74
tarawa12,surgeon
forums1234,thedutchdon
sinjin,JSDKoeln
Bryan,lorevic4
Iuris,kesseltron
Adept,Charliegone
Charliegone,JSDKoeln
treat2,Toxey
pandion,Charliegone
kesseltron,Brady
nate895,sinjin
JSDKoeln,Bryan
Tastyfish,daewoo
enfant terrible,tarawa12
jdgibson,forums1234
Galileo,daewoo
Wez,pickleweaseler
Leo,RooK
Kabukikmono,thedutchdon
mizmaxx,Rev. HellH0und
addictionneg,JustAnotherGuy
Jo Bennett,Wez
nate895,JSDKoeln
Captain America banned,Eddie
Archeron,thedutchdon
voiceofreason,CvT
daewoo,Brady
DHard3006,enfant terrible
zachvac,Galileo
Wez,kelvin90701
JustAnotherGuy,epaphras_faith
GreenMtnBoy,sinjin
Dan the White,XeoX
daewoo,Rev. HellH0und
