TopGun420,saprophetic
Bradf0rd,Diluck
Scapegoat,Mika
AngeloDeOrva,joecavalry
zxcthebeast,636benjamin
imrigone,Mindreader
DaWolfman,altarion
unknown91,joecavalry
Bradf0rd,sparsely
Diluck,Bradf0rd
ThePyg,HGrey87
sparsely,Bradf0rd
hoboboxerjoe,AngeloDeOrva
PassionFruit,pujolspals
HGrey87,ThePyg
JesseMat,Bradf0rd
joecavalry,AngeloDeOrva
andsoccer16,joecavalry
Cdelvalle,altarion
madeingerman,jwitter
ThePyg,lostmma
Bradf0rd,HakunaMatata
joecavalry,jwitter
KilluminatI,AngeloDeOrva
zxcthebeast,abcian1
ThePyg,ThePyg
andsoccer16,ThePyg
joecavalry,andsoccer16
saprophetic,TopGun420
pj12,ThePyg
Bradf0rd,joecavalry
Paul-ish,joecavalry
ThePyg,pj12
ThePyg,andsoccer16
Scapegoat,saprophetic
Spoonerism,636benjamin
joecavalry,Bradf0rd
Blacklaser,Bradf0rd
Paul-ish,Bradf0rd
andsoccer16,abcian1
joecavalry,Paul-ish
sparsely,joecavalry
altarion,Cdelvalle
