Darksider,gayRights
ENDT91,gayRights
YosefLevi,gayRights
jessald,gayRights
NVYN,gayRights
Mahollinder,gayRights
Kboe,gayRights
Capitalist,gayRights
Conro,gayRights
Avedomni,gayRights
GenPaulus,gayRights
milotic,gayRights
PrayerFails,gayRights
brainstorm87,gayRights
shaneyam99,gayRights
CJames,gayRights
Skamecrazy12,gayRights
hmicciche,gayRights
sill88183,gayRights
simsoy,gayRights
JCM123,gayRights
lilbikiki,gayRights
joecavalry,gayRights
TheThinker,gayRights
Hellno,gayRights
owong,gayRights
31415926,gayRights
sarik152,gayRights
IPin,gayRights
Sw1010,gayRights
anotherguy34,gayRights
hazeleyes95,gayRights
amber97,gayRights
mimi,gayRights
casper3912,gayRights
Volker,gayRights
riahlize,gayRights
Akulakhan,gayRights
neh12,gayRights
annie,gayRights
JakeJ,gayRights
KingOfPopForever,gayRights
4thHorseman,gayRights
iamdavidh,gayRights
Coldfire,gayRights
chatturgha,gayRights
sierraxy,gayRights
Luv2BriMe,gayRights
xyze,gayRights
TheCynic,gayRights
cyn09,gayRights
andsoccer16,gayRights
DanJS,gayRights
GuitarGuy11,gayRights
dacey,gayRights
bloxham93,gayRights
jstantall,gayRights
ChrisDrew15,gayRights
luv2laf987,gayRights
caged,gayRights
ilovelynx36,gayRights
Sugarfur,gayRights
ostdrauka99,gayRights
JustIgnoreMe,gayRights
CreatDebate,gayRights
deepfrykids,gayRights
imrigone,gayRights
Srom,gayRights
Awen27,gayRights
Savs578,gayRights
churchmouse,gayRights
jimmykole,gayRights
Debaterr202,gayRights
Tigra07,gayRights
chimchimney,gayRights
zombee,gayRights
Kinda,gayRights
Igotse,gayRights
Peekaboo,gayRights
92nida,gayRights
as2do,gayRights
THEDert,gayRights
Garfeild4317,gayRights
withkids,gayRights
shelltel,gayRights
Imperator,gayRights
deepss,gayRights
BlackRaven,gayRights
ILoveSomeone,gayRights
