montalban,Alan Ryan
supersport,Jill White
lucaspa,johnhanks
victorpride,Close_slave_can
IM2L844,Close_slave_can
carla5010,Robbie
Herbalizer,pandion
supersport,Hi_Its_Me
wascallywabbit,chemist99a
supersport,Peeling
evident,Milo
chemist99a,wascallywabbit
Nallyo,Tastyfish
obvious_child,Jill White
Archilochus,Mach
chemist99a,richbrmly
Hi_Its_Me,wascallywabbit
Jill White,supersport
evident,HeavenBound
fracas,Beowulf Lee
Beowulf Lee,peddler8111
astronomyfan87,Close_slave_can
pandion,evident
Nallyo,7th_Arty
N.Wells,thelmoose
montalban,amazilia
7th_Arty,Tastyfish
thebootfitter,montalban
obvious_child,supersport
Clive14,peddler8111
Archangel,GiantOreo
7th_Arty,unkerpaulie
lesz,supersport
unkerpaulie,victorpride
Close_slave_can,cushla_machree
HeavenBound,Duo_Maxwell
trebor,victorpride
Symbiote,peddler8111
supersport,N.Wells
Close_slave_can,thebootfitter
marc9000,Hi_Its_Me
supersport,Liminus
richbrmly,supersport
Duo_Maxwell,Close_slave_can
GiantOreo,gman
Symbiote,GiantOreo
Duo_Maxwell,victorpride
7th_Arty,Robbie
evident,Shade
chemist99a,Symbiote
Liminus,supersport
supersport,Count Otto
trebor,peddler8111
Tigerlilly,HeavenBound
Alan Ryan,montalban
Hi_Its_Me,supersport
Irvine,Alan Ryan
Hi_Its_Me,marc9000
chemist99a,bertvan
7th_Arty,Nallyo
thebootfitter,unkerpaulie
lucaspa,marc9000
supersport,lesz
GiantOreo,Archangel
admin,carla5010
johnhanks,supersport
wascallywabbit,Liminus
7th_Arty,Close_slave_can
obvious_child,marc9000
The Barbarian,Close_slave_can
Black Phoenix,Beowulf Lee
supersport,Symbiote
chemist99a,Peeling
pnac=ww3,Nu Leader
supersport,obvious_child
Symbiote,supersport
Peeling,wascallywabbit
wascallywabbit,Hi_Its_Me
chemist99a,supersport
7th_Arty,Ursus maritimus
Mach,montalban
OccamsRazor,Nu Leader
Kronus,victorpride
SLP,wascallywabbit
accipitridae,Ursus maritimus
OccamsRazor,montalban
Close_slave_can,The Barbarian
wascallywabbit,Kronus
PirateChimp,wascallywabbit
montalban,Archilochus
Jill White,chemist99a
Close_slave_can,montalban
Beowulf Lee,fracas
thebootfitter,Black Phoenix
carla5010,Close_slave_can
Waxy,victorpride
Nu Leader,Archilochus
wascallywabbit,N.Wells
cushla_machree,Close_slave_can
chemist99a,N.Wells
thebootfitter,HeavenBound
Nallyo,astronomyfan87
carla5010,Nallyo
unkerpaulie,thebootfitter
Count Otto,supersport
Close_slave_can,fracas
amazilia,montalban
trebor,HeavenBound
Archilochus,Ursus maritimus
Tastyfish,Nallyo
montalban,accipitridae
7th_Arty,thebootfitter
trebor,IM2L844
GiantOreo,supersport
marc9000,obvious_child
Dzeron,montalban
martinlb,Peeling
marc9000,trebor
Close_slave_can,7th_Arty
N.Wells,chemist99a
montalban,Mach
ungerdunn,cushla_machree
N.Wells,wascallywabbit
thebootfitter,Nallyo
chemist99a,Archangel
fracas,Close_slave_can
supersport,chemist99a
wascallywabbit,Peeling
pandion,HeavenBound
