Ladywolf,abortion
galton,abortion
STAMFIELD,abortion
tuesdeb,abortion
TheoMorphic,abortion
ROCC,abortion
AMD4EVER,abortion
Jesusislord,abortion
Wez,abortion
Lily1000,abortion
procrastinating,abortion
Dzeron,abortion
Broker,abortion
CCR1994,abortion
Bush Is The Man,abortion
Easyrider,abortion
bobbob,abortion
neveragain,abortion
thelmoose,abortion
Mickey Shane,abortion
Patriot,abortion
jt92,abortion
jitobear,abortion
Madison05,abortion
prolife,abortion
xeiah,abortion
thebootfitter,abortion
sarablaze,abortion
hollyh,abortion
HRB,abortion
Crim,abortion
crzygrly,abortion
billsco,abortion
Crujir,abortion
Pikeman85,abortion
Caprii,abortion
NATO 556,abortion
unkerpaulie,abortion
Habbit,abortion
Darkest Shadow,abortion
theLIBERTARIAN,abortion
snakespit,abortion
Obvious Child,abortion
Michele,abortion
Silent_eko,abortion
Carman,abortion
Eve Harrington,abortion
Truthsayer,abortion
AlexTheGreat,abortion
Penfold,abortion
redletters05,abortion
Liberty,abortion
mizmaxx,abortion
ApathySam,abortion
JustineCredible,abortion
Priscilla2,abortion
Duo_Maxwell,abortion
Jessica,abortion
Ryuuichi,abortion
silver_snake,abortion
Shaggydoo,abortion
georged,abortion
kickin50,abortion
Boopee20,abortion
katie5890,abortion
chester,abortion
Morfos,abortion
sundowner,abortion
Ness757,abortion
epaphras_faith,abortion
JPSartre12,abortion
gman,abortion
dislexia,abortion
OccamsRazor,abortion
WhiteFalcon,abortion
Choscura,abortion
sinjin,abortion
plotter,abortion
Chai,abortion
DarKnight,abortion
Relient Halo,abortion
Cone,abortion
FISHX,abortion
LovetheSouth,abortion
LadyQ,abortion
avoiceofreason,abortion
Archangel,abortion
Baron,abortion
Neo,abortion
Bassman,abortion
Kcajymmij,abortion
munkyman,abortion
wvpeach1963,abortion
krissi,abortion
TumblingDice,abortion
skylinedesire,abortion
Freedom_Fighter,abortion
Debategirl104,abortion
Another opinion,abortion
SmokingRabbit,abortion
debategirl88,abortion
Voice Of Reason,abortion
Reanna8756,abortion
Sigma,abortion
Steeeeve,abortion
Mysterium16,abortion
montalban,abortion
beervolcano,abortion
Phat_Albert87,abortion
Danialla Rahl,abortion
Harbinger,abortion
wayneinFL,abortion
invadersb,abortion
Heads_On_Pikes,abortion
Clive14,abortion
jyoshu,abortion
foreverblue,abortion
HeavenBound,abortion
Winston Smith,abortion
superbuddhaman,abortion
Master_Shake,abortion
Bell,abortion
Eddie,abortion
maximus,abortion
amadeus_reborn,abortion
miagirl,abortion
ShadowPikachu,abortion
Calligirl,abortion
Shooterandproud,abortion
chloe,abortion
Howard Beale,abortion
squid,abortion
springysound,abortion
smiley,abortion
simone,abortion
Tastyfish,abortion
Parcum,abortion
Chobo Char,abortion
09dragonfly06,abortion
Steen,abortion
Phantos,abortion
New Babel,abortion
Sakata,abortion
Symbiote,abortion
Ukrainian,abortion
Nurglitch,abortion
nao,abortion
Clerisian,abortion
Adept,abortion
astronomyfan87,abortion
DrNo,abortion
Phyllis,abortion
wjim1269,abortion
gilligan8503,abortion
Alex,abortion
Robbie,abortion
Debate_Queen615,abortion
Pejotif,abortion
Charchuk,abortion
gnojek,abortion
mae,abortion
scrueballl,abortion
paw_x,abortion
skeeter,abortion
Black Phoenix,abortion
bd1012,abortion
peteratwar,abortion
SilentPoet,abortion
johnson,abortion
pseudo,abortion
thistownwilleat,abortion
zachvac,abortion
Linus,abortion
Yukon,abortion
