imrigone,marijuana
Liber,marijuana
TopGun420,marijuana
oneaglewings,marijuana
joecavalry,marijuana
Scapegoat,marijuana
Sulith,marijuana
chatturgha,marijuana
Mika,marijuana
saprophetic,marijuana
Hadrian,marijuana
musiclovr,marijuana
VincentCross,marijuana
dacey,marijuana
ReichPride,marijuana
Hellno,marijuana
RevKristine,marijuana
kk0bbr,marijuana
casper3912,marijuana
Troy8,marijuana
Imperator,marijuana
ifreakshow,marijuana
Akulakhan,marijuana
usps,marijuana
ejndg,marijuana
JakeJ,marijuana
Andrews003,marijuana
