joebrummer,guncontrol
Rev. HellH0und,guncontrol
GX4,guncontrol
AMD4EVER,guncontrol
Wez,guncontrol
Leo,guncontrol
Dan the White,guncontrol
hansberrym,guncontrol
huckleberry,guncontrol
Dzeron,guncontrol
quatin,guncontrol
Patrick Henry,guncontrol
kesseltron,guncontrol
thelmoose,guncontrol
SuperDutyHaulin,guncontrol
jitobear,guncontrol
Jo Bennett,guncontrol
plato,guncontrol
daewoo,guncontrol
billsco,guncontrol
sglaine,guncontrol
CvT,guncontrol
Pie,guncontrol
Doc Jones,guncontrol
georged,guncontrol
theLIBERTARIAN,guncontrol
snakespit,guncontrol
Obvious Child,guncontrol
E Mutz,guncontrol
bmans301bIMBACK,guncontrol
Penfold,guncontrol
DHard3006,guncontrol
Toxey,guncontrol
mizmaxx,guncontrol
pickleweaseler,guncontrol
Seekerrr,guncontrol
Duo_Maxwell,guncontrol
mathurin,guncontrol
fallingupwards,guncontrol
conservative,guncontrol
sundowner,guncontrol
The_Comedian,guncontrol
Brady,guncontrol
toolman846,guncontrol
epaphras_faith,guncontrol
JPSartre12,guncontrol
gamehuis,guncontrol
Sigma,guncontrol
3sgte,guncontrol
tarawa12,guncontrol
rightcustoms,guncontrol
jefnvk,guncontrol
plotter,guncontrol
WiseAker,guncontrol
Relient Halo,guncontrol
weasel fierce,guncontrol
GreenMtnBoy,guncontrol
Archangel,guncontrol
emclean,guncontrol
Collin,guncontrol
Maineiac,guncontrol
JustAnotherGuy,guncontrol
DarthZeth,guncontrol
J_Brady,guncontrol
Astaroth,guncontrol
Pietro,guncontrol
montalban,guncontrol
Freedom Fighter,guncontrol
Mach,guncontrol
Bryan,guncontrol
wayneinFL,guncontrol
inmyopinion,guncontrol
Tither,guncontrol
sinjin,guncontrol
vsaiyan,guncontrol
jim's trucking,guncontrol
biccat,guncontrol
Ghost Rider,guncontrol
Eddie,guncontrol
Shooterandproud,guncontrol
Bismarck,guncontrol
Spad,guncontrol
Tim,guncontrol
Tastyfish,guncontrol
Jeffersonian,guncontrol
buckeyeinok,guncontrol
kelvin90701,guncontrol
Symbiote,guncontrol
voiceofreason,guncontrol
Andrew,guncontrol
Adept,guncontrol
lorevic4,guncontrol
Galileo,guncontrol
WMart,guncontrol
Captain America banned,guncontrol
smiley,guncontrol
gnojek,guncontrol
jyoshu,guncontrol
Phunting,guncontrol
bhbcu64,guncontrol
RooK,guncontrol
XeoX,guncontrol
SilentPoet,guncontrol
PoohBear,guncontrol
greg 79 f150,guncontrol
Leviathan,guncontrol
Iuris,guncontrol
zachvac,guncontrol
SymonTemplar,guncontrol
zelma,guncontrol
Cheesejoff,guncontrol
